season,season_type,week,game_id,espn,gameday,home_team,away_team,home_score,away_score,spread_line,total_line
2024,REG,1,2024_01_BAL_KC,401671789,2024-09-05,Kansas City Chiefs,Baltimore Ravens,27,20,3,46
2024,REG,1,2024_01_GB_PHI,401671805,2024-09-06,Philadelphia Eagles,Green Bay Packers,34,29,2,49.5
2024,REG,1,2024_01_PIT_ATL,401671744,2024-09-08,Atlanta Falcons,Pittsburgh Steelers,10,18,4,43
2024,REG,1,2024_01_ARI_BUF,401671617,2024-09-08,Buffalo Bills,Arizona Cardinals,34,28,6.5,46
2024,REG,1,2024_01_TEN_CHI,401671719,2024-09-08,Chicago Bears,Tennessee Titans,24,17,4,43
2024,REG,1,2024_01_NE_CIN,401671628,2024-09-08,Cincinnati Bengals,New England Patriots,10,16,8,40.5
2024,REG,1,2024_01_HOU_IND,401671861,2024-09-08,Indianapolis Colts,Houston Texans,27,29,-3,49
2024,REG,1,2024_01_JAX_MIA,401671849,2024-09-08,Miami Dolphins,Jacksonville Jaguars,20,17,3.5,49.5
2024,REG,1,2024_01_CAR_NO,401671734,2024-09-08,New Orleans Saints,Carolina Panthers,47,10,3.5,41.5
2024,REG,1,2024_01_MIN_NYG,401671712,2024-09-08,New York Giants,Minnesota Vikings,6,28,-1,42.5
2024,REG,1,2024_01_LV_LAC,401671659,2024-09-08,Los Angeles Chargers,Las Vegas Raiders,22,10,3,41
2024,REG,1,2024_01_DEN_SEA,401671664,2024-09-08,Seattle Seahawks,Denver Broncos,26,20,6.5,42
2024,REG,1,2024_01_DAL_CLE,401671761,2024-09-08,Cleveland Browns,Dallas Cowboys,17,33,2.5,42
2024,REG,1,2024_01_WAS_TB,401671770,2024-09-08,Tampa Bay Buccaneers,Washington Commanders,37,20,4,42
2024,REG,1,2024_01_LA_DET,401671792,2024-09-08,Detroit Lions,Los Angeles Rams,26,20,5,54
2024,REG,1,2024_01_NYJ_SF,401671696,2024-09-09,San Francisco 49ers,New York Jets,32,19,3.5,43
2024,REG,2,2024_02_BUF_MIA,401671807,2024-09-12,Miami Dolphins,Buffalo Bills,10,31,2.5,48.5
2024,REG,2,2024_02_LV_BAL,401671624,2024-09-15,Baltimore Ravens,Las Vegas Raiders,23,26,9,41
2024,REG,2,2024_02_LAC_CAR,401671652,2024-09-15,Carolina Panthers,Los Angeles Chargers,3,26,-5,39
2024,REG,2,2024_02_NO_DAL,401671709,2024-09-15,Dallas Cowboys,New Orleans Saints,19,44,6.5,47
2024,REG,2,2024_02_TB_DET,401671721,2024-09-15,Detroit Lions,Tampa Bay Buccaneers,16,20,7.5,51.5
2024,REG,2,2024_02_IND_GB,401671723,2024-09-15,Green Bay Packers,Indianapolis Colts,16,10,-3,41.5
2024,REG,2,2024_02_CLE_JAX,401671635,2024-09-15,Jacksonville Jaguars,Cleveland Browns,13,18,3,41.5
2024,REG,2,2024_02_SF_MIN,401671645,2024-09-15,Minnesota Vikings,San Francisco 49ers,23,17,-4.5,46.5
2024,REG,2,2024_02_SEA_NE,401671702,2024-09-15,New England Patriots,Seattle Seahawks,20,23,-3.5,39
2024,REG,2,2024_02_NYJ_TEN,401671636,2024-09-15,Tennessee Titans,New York Jets,17,24,-3.5,41.5
2024,REG,2,2024_02_NYG_WAS,401671716,2024-09-15,Washington Commanders,New York Giants,21,18,1.5,42.5
2024,REG,2,2024_02_LA_ARI,401671754,2024-09-15,Arizona Cardinals,Los Angeles Rams,41,10,-1,47.5
2024,REG,2,2024_02_PIT_DEN,401671668,2024-09-15,Denver Broncos,Pittsburgh Steelers,6,13,-3,36.5
2024,REG,2,2024_02_CIN_KC,401671670,2024-09-15,Kansas City Chiefs,Cincinnati Bengals,26,25,6.5,47.5
2024,REG,2,2024_02_CHI_HOU,401671786,2024-09-15,Houston Texans,Chicago Bears,19,13,6,45.5
2024,REG,2,2024_02_ATL_PHI,401671691,2024-09-16,Philadelphia Eagles,Atlanta Falcons,21,22,5.5,46.5
2024,REG,3,2024_03_NE_NYJ,401671808,2024-09-19,New York Jets,New England Patriots,24,3,6.5,39
2024,REG,3,2024_03_NYG_CLE,401671855,2024-09-22,Cleveland Browns,New York Giants,15,21,6.5,38
2024,REG,3,2024_03_CHI_IND,401671865,2024-09-22,Indianapolis Colts,Chicago Bears,21,16,1.5,43
2024,REG,3,2024_03_HOU_MIN,401671646,2024-09-22,Minnesota Vikings,Houston Texans,34,7,-2,46
2024,REG,3,2024_03_PHI_NO,401671736,2024-09-22,New Orleans Saints,Philadelphia Eagles,12,15,2.5,49
2024,REG,3,2024_03_LAC_PIT,401671632,2024-09-22,Pittsburgh Steelers,Los Angeles Chargers,20,10,3,36
2024,REG,3,2024_03_DEN_TB,401671741,2024-09-22,Tampa Bay Buccaneers,Denver Broncos,7,26,6,40.5
2024,REG,3,2024_03_GB_TEN,401671823,2024-09-22,Tennessee Titans,Green Bay Packers,14,30,3,37
2024,REG,3,2024_03_CAR_LV,401671658,2024-09-22,Las Vegas Raiders,Carolina Panthers,22,36,5.5,40
2024,REG,3,2024_03_MIA_SEA,401671662,2024-09-22,Seattle Seahawks,Miami Dolphins,24,3,4,41.5
2024,REG,3,2024_03_DET_ARI,401671771,2024-09-22,Arizona Cardinals,Detroit Lions,13,20,-3,51.5
2024,REG,3,2024_03_BAL_DAL,401671763,2024-09-22,Dallas Cowboys,Baltimore Ravens,25,28,-1.5,47.5
2024,REG,3,2024_03_SF_LA,401671772,2024-09-22,Los Angeles Rams,San Francisco 49ers,27,24,-6,44.5
2024,REG,3,2024_03_KC_ATL,401671793,2024-09-22,Atlanta Falcons,Kansas City Chiefs,17,22,-3,46
2024,REG,3,2024_03_JAX_BUF,401671682,2024-09-23,Buffalo Bills,Jacksonville Jaguars,47,10,4,46.5
2024,REG,3,2024_03_WAS_CIN,401671490,2024-09-23,Cincinnati Bengals,Washington Commanders,33,38,7.5,46
2024,REG,4,2024_04_DAL_NYG,401671812,2024-09-26,New York Giants,Dallas Cowboys,15,20,-5.5,45
2024,REG,4,2024_04_NO_ATL,401671727,2024-09-29,Atlanta Falcons,New Orleans Saints,26,24,2.5,41.5
2024,REG,4,2024_04_CIN_CAR,401671745,2024-09-29,Carolina Panthers,Cincinnati Bengals,24,34,-4.5,47
2024,REG,4,2024_04_LA_CHI,401671871,2024-09-29,Chicago Bears,Los Angeles Rams,24,18,3,40
2024,REG,4,2024_04_MIN_GB,401671643,2024-09-29,Green Bay Packers,Minnesota Vikings,29,31,2.5,44
2024,REG,4,2024_04_JAX_HOU,401671857,2024-09-29,Houston Texans,Jacksonville Jaguars,24,20,5.5,44.5
2024,REG,4,2024_04_PIT_IND,401671867,2024-09-29,Indianapolis Colts,Pittsburgh Steelers,27,24,-2.5,40
2024,REG,4,2024_04_DEN_NYJ,401671622,2024-09-29,New York Jets,Denver Broncos,9,10,7.5,39.5
2024,REG,4,2024_04_PHI_TB,401671740,2024-09-29,Tampa Bay Buccaneers,Philadelphia Eagles,33,16,-1,42
2024,REG,4,2024_04_WAS_ARI,401671755,2024-09-29,Arizona Cardinals,Washington Commanders,14,42,3.5,49
2024,REG,4,2024_04_NE_SF,401671758,2024-09-29,San Francisco 49ers,New England Patriots,30,13,10.5,41.5
2024,REG,4,2024_04_KC_LAC,401671674,2024-09-29,Los Angeles Chargers,Kansas City Chiefs,10,17,-7.5,41.5
2024,REG,4,2024_04_CLE_LV,401671672,2024-09-29,Las Vegas Raiders,Cleveland Browns,20,16,-2.5,36.5
2024,REG,4,2024_04_BUF_BAL,401671783,2024-09-29,Baltimore Ravens,Buffalo Bills,35,10,2.5,46.5
2024,REG,4,2024_04_TEN_MIA,401671683,2024-09-30,Miami Dolphins,Tennessee Titans,12,31,2.5,37
2024,REG,4,2024_04_SEA_DET,401671491,2024-09-30,Detroit Lions,Seattle Seahawks,42,29,3.5,46.5
2024,REG,5,2024_05_TB_ATL,401671815,2024-10-03,Atlanta Falcons,Tampa Bay Buccaneers,36,30,2.5,44
2024,REG,5,2024_05_NYJ_MIN,401671804,2024-10-06,Minnesota Vikings,New York Jets,23,17,2.5,42
2024,REG,5,2024_05_CAR_CHI,401671872,2024-10-06,Chicago Bears,Carolina Panthers,36,10,4,40
2024,REG,5,2024_05_BAL_CIN,401671626,2024-10-06,Cincinnati Bengals,Baltimore Ravens,38,41,-2.5,48.5
2024,REG,5,2024_05_BUF_HOU,401671859,2024-10-06,Houston Texans,Buffalo Bills,23,20,1,48
2024,REG,5,2024_05_IND_JAX,401671633,2024-10-06,Jacksonville Jaguars,Indianapolis Colts,37,34,3.5,45
2024,REG,5,2024_05_MIA_NE,401671700,2024-10-06,New England Patriots,Miami Dolphins,10,15,-2,37
2024,REG,5,2024_05_CLE_WAS,401671718,2024-10-06,Washington Commanders,Cleveland Browns,34,13,3,44
2024,REG,5,2024_05_LV_DEN,401671747,2024-10-06,Denver Broncos,Las Vegas Raiders,34,18,3,36
2024,REG,5,2024_05_ARI_SF,401671756,2024-10-06,San Francisco 49ers,Arizona Cardinals,23,24,7,48.5
2024,REG,5,2024_05_GB_LA,401671679,2024-10-06,Los Angeles Rams,Green Bay Packers,19,24,-3,49.5
2024,REG,5,2024_05_NYG_SEA,401671680,2024-10-06,Seattle Seahawks,New York Giants,20,29,7,42.5
2024,REG,5,2024_05_DAL_PIT,401671784,2024-10-06,Pittsburgh Steelers,Dallas Cowboys,17,20,2.5,43.5
2024,REG,5,2024_05_NO_KC,401671687,2024-10-07,Kansas City Chiefs,New Orleans Saints,26,13,5.5,43
2024,REG,6,2024_06_SF_SEA,401671819,2024-10-10,Seattle Seahawks,San Francisco 49ers,24,36,-3.5,49
2024,REG,6,2024_06_JAX_CHI,401671802,2024-10-13,Chicago Bears,Jacksonville Jaguars,35,16,-1.5,44.5
2024,REG,6,2024_06_WAS_BAL,401671625,2024-10-13,Baltimore Ravens,Washington Commanders,30,23,6.5,51.5
2024,REG,6,2024_06_ARI_GB,401671722,2024-10-13,Green Bay Packers,Arizona Cardinals,34,13,5.5,47
2024,REG,6,2024_06_HOU_NE,401671619,2024-10-13,New England Patriots,Houston Texans,21,41,-6.5,38.5
2024,REG,6,2024_06_TB_NO,401671735,2024-10-13,New Orleans Saints,Tampa Bay Buccaneers,27,51,-3.5,42.5
2024,REG,6,2024_06_CLE_PHI,401671714,2024-10-13,Philadelphia Eagles,Cleveland Browns,20,16,8,42
2024,REG,6,2024_06_IND_TEN,401671820,2024-10-13,Tennessee Titans,Indianapolis Colts,17,20,2.5,42
2024,REG,6,2024_06_LAC_DEN,401671655,2024-10-13,Denver Broncos,Los Angeles Chargers,16,23,-3,37
2024,REG,6,2024_06_PIT_LV,401671657,2024-10-13,Las Vegas Raiders,Pittsburgh Steelers,13,32,-3.5,36.5
2024,REG,6,2024_06_ATL_CAR,401671769,2024-10-13,Carolina Panthers,Atlanta Falcons,20,38,-6,45.5
2024,REG,6,2024_06_DET_DAL,401671764,2024-10-13,Dallas Cowboys,Detroit Lions,9,47,-3.5,52.5
2024,REG,6,2024_06_CIN_NYG,401671791,2024-10-13,New York Giants,Cincinnati Bengals,7,17,-4.5,46
2024,REG,6,2024_06_BUF_NYJ,401671684,2024-10-14,New York Jets,Buffalo Bills,20,23,-1,42
2024,REG,7,2024_07_DEN_NO,401671816,2024-10-17,New Orleans Saints,Denver Broncos,10,33,-2.5,37
2024,REG,7,2024_07_NE_JAX,401671801,2024-10-20,Jacksonville Jaguars,New England Patriots,32,16,6.5,42
2024,REG,7,2024_07_SEA_ATL,401671730,2024-10-20,Atlanta Falcons,Seattle Seahawks,14,34,3,51.5
2024,REG,7,2024_07_TEN_BUF,401671616,2024-10-20,Buffalo Bills,Tennessee Titans,34,10,9.5,41
2024,REG,7,2024_07_CIN_CLE,401671853,2024-10-20,Cleveland Browns,Cincinnati Bengals,14,21,-5.5,42
2024,REG,7,2024_07_HOU_GB,401671644,2024-10-20,Green Bay Packers,Houston Texans,24,22,3,48
2024,REG,7,2024_07_MIA_IND,401671864,2024-10-20,Indianapolis Colts,Miami Dolphins,16,10,3,44
2024,REG,7,2024_07_DET_MIN,401671724,2024-10-20,Minnesota Vikings,Detroit Lions,29,31,1,50.5
2024,REG,7,2024_07_PHI_NYG,401671710,2024-10-20,New York Giants,Philadelphia Eagles,3,28,-3,42
2024,REG,7,2024_07_LV_LA,401671663,2024-10-20,Los Angeles Rams,Las Vegas Raiders,20,15,7,43
2024,REG,7,2024_07_CAR_WAS,401671640,2024-10-20,Washington Commanders,Carolina Panthers,40,7,10,51
2024,REG,7,2024_07_KC_SF,401671777,2024-10-20,San Francisco 49ers,Kansas City Chiefs,18,28,2.5,47.5
2024,REG,7,2024_07_NYJ_PIT,401671785,2024-10-20,Pittsburgh Steelers,New York Jets,37,15,-3,40
2024,REG,7,2024_07_BAL_TB,401671695,2024-10-21,Tampa Bay Buccaneers,Baltimore Ravens,31,41,-4.5,51
2024,REG,7,2024_07_LAC_ARI,401671699,2024-10-21,Arizona Cardinals,Los Angeles Chargers,17,15,-1,44
2024,REG,8,2024_08_MIN_LA,401671817,2024-10-24,Los Angeles Rams,Minnesota Vikings,30,20,-3,47.5
2024,REG,8,2024_08_PHI_CIN,401671667,2024-10-27,Cincinnati Bengals,Philadelphia Eagles,17,37,2.5,47.5
2024,REG,8,2024_08_BAL_CLE,401671852,2024-10-27,Cleveland Browns,Baltimore Ravens,29,24,-7.5,44.5
2024,REG,8,2024_08_TEN_DET,401671720,2024-10-27,Detroit Lions,Tennessee Titans,52,14,12.5,45
2024,REG,8,2024_08_IND_HOU,401671856,2024-10-27,Houston Texans,Indianapolis Colts,23,20,5,45
2024,REG,8,2024_08_GB_JAX,401671707,2024-10-27,Jacksonville Jaguars,Green Bay Packers,27,30,-3.5,49
2024,REG,8,2024_08_ARI_MIA,401671850,2024-10-27,Miami Dolphins,Arizona Cardinals,27,28,4,46.5
2024,REG,8,2024_08_NYJ_NE,401671618,2024-10-27,New England Patriots,New York Jets,25,22,-7,41
2024,REG,8,2024_08_ATL_TB,401671739,2024-10-27,Tampa Bay Buccaneers,Atlanta Falcons,26,31,-1.5,47
2024,REG,8,2024_08_NO_LAC,401671750,2024-10-27,Los Angeles Chargers,New Orleans Saints,26,8,7,41.5
2024,REG,8,2024_08_BUF_SEA,401671760,2024-10-27,Seattle Seahawks,Buffalo Bills,10,31,-3,45.5
2024,REG,8,2024_08_CAR_DEN,401671600,2024-10-27,Denver Broncos,Carolina Panthers,28,14,13,40.5
2024,REG,8,2024_08_KC_LV,401671671,2024-10-27,Las Vegas Raiders,Kansas City Chiefs,20,27,-9,42
2024,REG,8,2024_08_CHI_WAS,401671599,2024-10-27,Washington Commanders,Chicago Bears,18,15,1.5,46.5
2024,REG,8,2024_08_DAL_SF,401671795,2024-10-27,San Francisco 49ers,Dallas Cowboys,30,24,5.5,48
2024,REG,8,2024_08_NYG_PIT,401671685,2024-10-28,Pittsburgh Steelers,New York Giants,26,18,6,37.5
2024,REG,9,2024_09_HOU_NYJ,401671809,2024-10-31,New York Jets,Houston Texans,21,13,2.5,43.5
2024,REG,9,2024_09_DAL_ATL,401671728,2024-11-03,Atlanta Falcons,Dallas Cowboys,27,21,3,52
2024,REG,9,2024_09_DEN_BAL,401671623,2024-11-03,Baltimore Ravens,Denver Broncos,41,10,9,46.5
2024,REG,9,2024_09_MIA_BUF,401671493,2024-11-03,Buffalo Bills,Miami Dolphins,30,27,6.5,49
2024,REG,9,2024_09_NO_CAR,401671650,2024-11-03,Carolina Panthers,New Orleans Saints,23,22,-7,43.5
2024,REG,9,2024_09_LV_CIN,401671704,2024-11-03,Cincinnati Bengals,Las Vegas Raiders,41,24,8,45
2024,REG,9,2024_09_LAC_CLE,401671629,2024-11-03,Cleveland Browns,Los Angeles Chargers,10,27,-2,42.5
2024,REG,9,2024_09_WAS_NYG,401671711,2024-11-03,New York Giants,Washington Commanders,22,27,-4.5,44.5
2024,REG,9,2024_09_NE_TEN,401671822,2024-11-03,Tennessee Titans,New England Patriots,20,17,3,38.5
2024,REG,9,2024_09_CHI_ARI,401671661,2024-11-03,Arizona Cardinals,Chicago Bears,29,9,1.5,44.5
2024,REG,9,2024_09_JAX_PHI,401671797,2024-11-03,Philadelphia Eagles,Jacksonville Jaguars,28,23,7.5,46
2024,REG,9,2024_09_DET_GB,401671767,2024-11-03,Green Bay Packers,Detroit Lions,14,24,-2.5,47.5
2024,REG,9,2024_09_LA_SEA,401671776,2024-11-03,Seattle Seahawks,Los Angeles Rams,20,26,-1.5,48.5
2024,REG,9,2024_09_IND_MIN,401671647,2024-11-03,Minnesota Vikings,Indianapolis Colts,21,13,6.5,47
2024,REG,9,2024_09_TB_KC,401671688,2024-11-04,Kansas City Chiefs,Tampa Bay Buccaneers,30,24,9,45.5
2024,REG,10,2024_10_CIN_BAL,401671810,2024-11-07,Baltimore Ravens,Cincinnati Bengals,35,34,6,53
2024,REG,10,2024_10_NYG_CAR,401671803,2024-11-10,Carolina Panthers,New York Giants,20,17,-6.5,40.5
2024,REG,10,2024_10_NE_CHI,401671873,2024-11-10,Chicago Bears,New England Patriots,3,19,6.5,37.5
2024,REG,10,2024_10_BUF_IND,401671863,2024-11-10,Indianapolis Colts,Buffalo Bills,20,30,-4.5,46.5
2024,REG,10,2024_10_MIN_JAX,401671708,2024-11-10,Jacksonville Jaguars,Minnesota Vikings,7,12,-7,42.5
2024,REG,10,2024_10_DEN_KC,401671637,2024-11-10,Kansas City Chiefs,Denver Broncos,16,14,7.5,42.5
2024,REG,10,2024_10_ATL_NO,401671733,2024-11-10,New Orleans Saints,Atlanta Falcons,20,17,-3.5,46.5
2024,REG,10,2024_10_SF_TB,401671742,2024-11-10,Tampa Bay Buccaneers,San Francisco 49ers,20,23,-6.5,50.5
2024,REG,10,2024_10_PIT_WAS,401671641,2024-11-10,Washington Commanders,Pittsburgh Steelers,27,28,1.5,45
2024,REG,10,2024_10_TEN_LAC,401671751,2024-11-10,Los Angeles Chargers,Tennessee Titans,27,17,8,40
2024,REG,10,2024_10_NYJ_ARI,401671678,2024-11-10,Arizona Cardinals,New York Jets,31,6,-2,45.5
2024,REG,10,2024_10_PHI_DAL,401671676,2024-11-10,Dallas Cowboys,Philadelphia Eagles,6,34,-7.5,44.5
2024,REG,10,2024_10_DET_HOU,401671787,2024-11-10,Houston Texans,Detroit Lions,23,26,-4.5,49
2024,REG,10,2024_10_MIA_LA,401671693,2024-11-11,Los Angeles Rams,Miami Dolphins,15,23,2.5,49.5
2024,REG,11,2024_11_WAS_PHI,401671813,2024-11-14,Philadelphia Eagles,Washington Commanders,26,18,4.5,49.5
2024,REG,11,2024_11_GB_CHI,401671869,2024-11-17,Chicago Bears,Green Bay Packers,19,20,-6,41
2024,REG,11,2024_11_JAX_DET,401671642,2024-11-17,Detroit Lions,Jacksonville Jaguars,52,6,14,47.5
2024,REG,11,2024_11_LV_MIA,401671851,2024-11-17,Miami Dolphins,Las Vegas Raiders,34,19,8,43.5
2024,REG,11,2024_11_LA_NE,401671701,2024-11-17,New England Patriots,Los Angeles Rams,22,28,-4,42.5
2024,REG,11,2024_11_CLE_NO,401671746,2024-11-17,New Orleans Saints,Cleveland Browns,35,14,-1,44
2024,REG,11,2024_11_IND_NYJ,401671782,2024-11-17,New York Jets,Indianapolis Colts,27,28,4,43
2024,REG,11,2024_11_BAL_PIT,401671630,2024-11-17,Pittsburgh Steelers,Baltimore Ravens,18,16,-3,48
2024,REG,11,2024_11_MIN_TEN,401671824,2024-11-17,Tennessee Titans,Minnesota Vikings,13,23,-6,40
2024,REG,11,2024_11_ATL_DEN,401671748,2024-11-17,Denver Broncos,Atlanta Falcons,38,6,2,44.5
2024,REG,11,2024_11_SEA_SF,401671757,2024-11-17,San Francisco 49ers,Seattle Seahawks,17,20,6,49
2024,REG,11,2024_11_KC_BUF,401671665,2024-11-17,Buffalo Bills,Kansas City Chiefs,30,21,2.5,46.5
2024,REG,11,2024_11_CIN_LAC,401671675,2024-11-17,Los Angeles Chargers,Cincinnati Bengals,34,27,1,48
2024,REG,11,2024_11_HOU_DAL,401671694,2024-11-18,Dallas Cowboys,Houston Texans,10,34,-7.5,41.5
2024,REG,12,2024_12_PIT_CLE,401671875,2024-11-21,Cleveland Browns,Pittsburgh Steelers,24,19,-3.5,36.5
2024,REG,12,2024_12_KC_CAR,401671651,2024-11-24,Carolina Panthers,Kansas City Chiefs,27,30,-11,43
2024,REG,12,2024_12_MIN_CHI,401671870,2024-11-24,Chicago Bears,Minnesota Vikings,27,30,-3,39.5
2024,REG,12,2024_12_TEN_HOU,401671858,2024-11-24,Houston Texans,Tennessee Titans,27,32,8,40.5
2024,REG,12,2024_12_DET_IND,401671866,2024-11-24,Indianapolis Colts,Detroit Lions,6,24,-7,50.5
2024,REG,12,2024_12_NE_MIA,401671847,2024-11-24,Miami Dolphins,New England Patriots,34,15,7.5,46
2024,REG,12,2024_12_TB_NYG,401671638,2024-11-24,New York Giants,Tampa Bay Buccaneers,7,30,-6.5,40.5
2024,REG,12,2024_12_DAL_WAS,401671715,2024-11-24,Washington Commanders,Dallas Cowboys,26,34,10.5,45
2024,REG,12,2024_12_DEN_LV,401671656,2024-11-24,Las Vegas Raiders,Denver Broncos,19,29,-6.5,41.5
2024,REG,12,2024_12_SF_GB,401671768,2024-11-24,Green Bay Packers,San Francisco 49ers,38,10,6.5,44.5
2024,REG,12,2024_12_ARI_SEA,401671775,2024-11-24,Seattle Seahawks,Arizona Cardinals,16,6,-1,46.5
2024,REG,12,2024_12_PHI_LA,401671794,2024-11-24,Los Angeles Rams,Philadelphia Eagles,20,37,-3,49
2024,REG,12,2024_12_BAL_LAC,401671689,2024-11-25,Los Angeles Chargers,Baltimore Ravens,23,30,-3,51
2024,REG,13,2024_13_CHI_DET,401671492,2024-11-28,Detroit Lions,Chicago Bears,23,20,9.5,47.5
2024,REG,13,2024_13_NYG_DAL,401671779,2024-11-28,Dallas Cowboys,New York Giants,27,20,4.5,39
2024,REG,13,2024_13_MIA_GB,401671798,2024-11-28,Green Bay Packers,Miami Dolphins,30,17,3.5,47.5
2024,REG,13,2024_13_LV_KC,401671806,2024-11-29,Kansas City Chiefs,Las Vegas Raiders,19,17,13.5,42
2024,REG,13,2024_13_LAC_ATL,401671649,2024-12-01,Atlanta Falcons,Los Angeles Chargers,13,17,-1,47
2024,REG,13,2024_13_PIT_CIN,401671627,2024-12-01,Cincinnati Bengals,Pittsburgh Steelers,38,44,3,46
2024,REG,13,2024_13_HOU_JAX,401671705,2024-12-01,Jacksonville Jaguars,Houston Texans,20,23,-3.5,44.5
2024,REG,13,2024_13_ARI_MIN,401671726,2024-12-01,Minnesota Vikings,Arizona Cardinals,23,22,3.5,45.5
2024,REG,13,2024_13_IND_NE,401671620,2024-12-01,New England Patriots,Indianapolis Colts,24,25,-2.5,41.5
2024,REG,13,2024_13_SEA_NYJ,401671703,2024-12-01,New York Jets,Seattle Seahawks,21,26,1,41.5
2024,REG,13,2024_13_TEN_WAS,401671743,2024-12-01,Washington Commanders,Tennessee Titans,42,19,6,45
2024,REG,13,2024_13_TB_CAR,401671752,2024-12-01,Carolina Panthers,Tampa Bay Buccaneers,23,26,-6.5,46
2024,REG,13,2024_13_LA_NO,401671753,2024-12-01,New Orleans Saints,Los Angeles Rams,14,21,-2.5,48.5
2024,REG,13,2024_13_PHI_BAL,401671666,2024-12-01,Baltimore Ravens,Philadelphia Eagles,19,24,3,50
2024,REG,13,2024_13_SF_BUF,401671781,2024-12-01,Buffalo Bills,San Francisco 49ers,35,10,6.5,45
2024,REG,13,2024_13_CLE_DEN,401671686,2024-12-02,Denver Broncos,Cleveland Browns,41,32,6.5,41.5
2024,REG,14,2024_14_GB_DET,401671814,2024-12-05,Detroit Lions,Green Bay Packers,34,31,3,53
2024,REG,14,2024_14_NYJ_MIA,401671848,2024-12-08,Miami Dolphins,New York Jets,32,26,6.5,45
2024,REG,14,2024_14_ATL_MIN,401671648,2024-12-08,Minnesota Vikings,Atlanta Falcons,42,21,6,46.5
2024,REG,14,2024_14_NO_NYG,401671601,2024-12-08,New York Giants,New Orleans Saints,11,14,-5.5,41
2024,REG,14,2024_14_CAR_PHI,401671713,2024-12-08,Philadelphia Eagles,Carolina Panthers,22,16,14,44.5
2024,REG,14,2024_14_CLE_PIT,401671631,2024-12-08,Pittsburgh Steelers,Cleveland Browns,27,14,6,43
2024,REG,14,2024_14_LV_TB,401671654,2024-12-08,Tampa Bay Buccaneers,Las Vegas Raiders,28,13,7,47
2024,REG,14,2024_14_JAX_TEN,401671821,2024-12-08,Tennessee Titans,Jacksonville Jaguars,6,10,3,40
2024,REG,14,2024_14_SEA_ARI,401671660,2024-12-08,Arizona Cardinals,Seattle Seahawks,18,30,3,45.5
2024,REG,14,2024_14_BUF_LA,401671773,2024-12-08,Los Angeles Rams,Buffalo Bills,44,42,-3.5,49.5
2024,REG,14,2024_14_CHI_SF,401671774,2024-12-08,San Francisco 49ers,Chicago Bears,38,13,3,43.5
2024,REG,14,2024_14_LAC_KC,401671788,2024-12-08,Kansas City Chiefs,Los Angeles Chargers,19,17,5,43.5
2024,REG,14,2024_14_CIN_DAL,401671690,2024-12-09,Dallas Cowboys,Cincinnati Bengals,20,27,-5,51
2024,REG,15,2024_15_LA_SF,401671818,2024-12-12,San Francisco 49ers,Los Angeles Rams,6,12,3,48.5
2024,REG,15,2024_15_DAL_CAR,401671731,2024-12-15,Carolina Panthers,Dallas Cowboys,14,30,2.5,42
2024,REG,15,2024_15_KC_CLE,401671854,2024-12-15,Cleveland Browns,Kansas City Chiefs,7,21,-4.5,41.5
2024,REG,15,2024_15_MIA_HOU,401671860,2024-12-15,Houston Texans,Miami Dolphins,20,12,2.5,46.5
2024,REG,15,2024_15_NYJ_JAX,401671706,2024-12-15,Jacksonville Jaguars,New York Jets,25,32,-3.5,41.5
2024,REG,15,2024_15_WAS_NO,401671737,2024-12-15,New Orleans Saints,Washington Commanders,19,20,-7.5,44.5
2024,REG,15,2024_15_BAL_NYG,401671639,2024-12-15,New York Giants,Baltimore Ravens,14,35,-16.5,43.5
2024,REG,15,2024_15_CIN_TEN,401671825,2024-12-15,Tennessee Titans,Cincinnati Bengals,27,37,-6,46.5
2024,REG,15,2024_15_NE_ARI,401671677,2024-12-15,Arizona Cardinals,New England Patriots,30,17,6,46.5
2024,REG,15,2024_15_IND_DEN,401671669,2024-12-15,Denver Broncos,Indianapolis Colts,31,13,4.5,43.5
2024,REG,15,2024_15_BUF_DET,401671681,2024-12-15,Detroit Lions,Buffalo Bills,42,48,2.5,55.5
2024,REG,15,2024_15_TB_LAC,401671762,2024-12-15,Los Angeles Chargers,Tampa Bay Buccaneers,17,40,3,46
2024,REG,15,2024_15_PIT_PHI,401671766,2024-12-15,Philadelphia Eagles,Pittsburgh Steelers,27,13,5.5,43
2024,REG,15,2024_15_GB_SEA,401671796,2024-12-15,Seattle Seahawks,Green Bay Packers,13,30,-3,48
2024,REG,15,2024_15_CHI_MIN,401671489,2024-12-16,Minnesota Vikings,Chicago Bears,30,12,7,43.5
2024,REG,15,2024_15_ATL_LV,401671697,2024-12-16,Las Vegas Raiders,Atlanta Falcons,9,15,-6.5,44.5
2024,REG,16,2024_16_DEN_LAC,401671749,2024-12-19,Los Angeles Chargers,Denver Broncos,34,27,3,41.5
2024,REG,16,2024_16_HOU_KC,401671780,2024-12-21,Kansas City Chiefs,Houston Texans,27,19,3.5,42.5
2024,REG,16,2024_16_PIT_BAL,401671778,2024-12-21,Baltimore Ravens,Pittsburgh Steelers,34,17,7,44.5
2024,REG,16,2024_16_NYG_ATL,401671729,2024-12-22,Atlanta Falcons,New York Giants,34,7,9.5,42.5
2024,REG,16,2024_16_ARI_CAR,401671732,2024-12-22,Carolina Panthers,Arizona Cardinals,36,30,-5.5,47
2024,REG,16,2024_16_DET_CHI,401671868,2024-12-22,Chicago Bears,Detroit Lions,17,34,-7,47.5
2024,REG,16,2024_16_CLE_CIN,401671811,2024-12-22,Cincinnati Bengals,Cleveland Browns,24,6,10,46.5
2024,REG,16,2024_16_TEN_IND,401671862,2024-12-22,Indianapolis Colts,Tennessee Titans,38,30,4,42.5
2024,REG,16,2024_16_LA_NYJ,401671621,2024-12-22,New York Jets,Los Angeles Rams,9,19,-3,47
2024,REG,16,2024_16_PHI_WAS,401671717,2024-12-22,Washington Commanders,Philadelphia Eagles,36,33,-4,47
2024,REG,16,2024_16_MIN_SEA,401671759,2024-12-22,Seattle Seahawks,Minnesota Vikings,24,27,-2.5,43
2024,REG,16,2024_16_NE_BUF,401671494,2024-12-22,Buffalo Bills,New England Patriots,24,21,14,48
2024,REG,16,2024_16_JAX_LV,401671673,2024-12-22,Las Vegas Raiders,Jacksonville Jaguars,19,14,2.5,41.5
2024,REG,16,2024_16_SF_MIA,401671874,2024-12-22,Miami Dolphins,San Francisco 49ers,29,17,-2,44
2024,REG,16,2024_16_TB_DAL,401671790,2024-12-22,Dallas Cowboys,Tampa Bay Buccaneers,26,24,-4.5,47.5
2024,REG,16,2024_16_NO_GB,401671692,2024-12-23,Green Bay Packers,New Orleans Saints,34,0,14,44
2024,REG,17,2024_17_KC_PIT,401671799,2024-12-25,Pittsburgh Steelers,Kansas City Chiefs,10,29,-3,43.5
2024,REG,17,2024_17_BAL_HOU,401671800,2024-12-25,Houston Texans,Baltimore Ravens,2,31,-5.5,46.5
2024,REG,17,2024_17_SEA_CHI,401671876,2024-12-26,Chicago Bears,Seattle Seahawks,3,6,-3.5,43.5
2024,REG,17,2024_17_LAC_NE,401671832,2024-12-28,New England Patriots,Los Angeles Chargers,7,40,-6,42
2024,REG,17,2024_17_DEN_CIN,401671835,2024-12-28,Cincinnati Bengals,Denver Broncos,30,24,3.5,50.5
2024,REG,17,2024_17_ARI_LA,401671829,2024-12-28,Los Angeles Rams,Arizona Cardinals,13,9,6.5,48
2024,REG,17,2024_17_NYJ_BUF,401671495,2024-12-29,Buffalo Bills,New York Jets,40,14,10,44.5
2024,REG,17,2024_17_TEN_JAX,401671634,2024-12-29,Jacksonville Jaguars,Tennessee Titans,20,13,-1,38
2024,REG,17,2024_17_LV_NO,401671738,2024-12-29,New Orleans Saints,Las Vegas Raiders,10,25,-2,37.5
2024,REG,17,2024_17_IND_NYG,401671846,2024-12-29,New York Giants,Indianapolis Colts,45,33,-7.5,40.5
2024,REG,17,2024_17_DAL_PHI,401671765,2024-12-29,Philadelphia Eagles,Dallas Cowboys,41,7,7.5,37.5
2024,REG,17,2024_17_CAR_TB,401671653,2024-12-29,Tampa Bay Buccaneers,Carolina Panthers,48,14,9.5,47.5
2024,REG,17,2024_17_MIA_CLE,401671877,2024-12-29,Cleveland Browns,Miami Dolphins,3,20,-3,32.5
2024,REG,17,2024_17_GB_MIN,401671725,2024-12-29,Minnesota Vikings,Green Bay Packers,27,25,-1,49
2024,REG,17,2024_17_ATL_WAS,401671842,2024-12-29,Washington Commanders,Atlanta Falcons,30,24,3.5,46.5
2024,REG,17,2024_17_DET_SF,401671698,2024-12-30,San Francisco 49ers,Detroit Lions,34,40,-4,50.5
2024,REG,18,2024_18_CLE_BAL,401671834,2025-01-04,Baltimore Ravens,Cleveland Browns,35,10,19.5,42.5
2024,REG,18,2024_18_CIN_PIT,401671836,2025-01-04,Pittsburgh Steelers,Cincinnati Bengals,17,19,-2.5,48.5
2024,REG,18,2024_18_CAR_ATL,401671827,2025-01-05,Atlanta Falcons,Carolina Panthers,38,44,7.5,48.5
2024,REG,18,2024_18_WAS_DAL,401671840,2025-01-05,Dallas Cowboys,Washington Commanders,19,23,-7,43.5
2024,REG,18,2024_18_CHI_GB,401671844,2025-01-05,Green Bay Packers,Chicago Bears,22,24,10,41.5
2024,REG,18,2024_18_JAX_IND,401671837,2025-01-05,Indianapolis Colts,Jacksonville Jaguars,26,23,3.5,45.5
2024,REG,18,2024_18_BUF_NE,401671831,2025-01-05,New England Patriots,Buffalo Bills,23,16,-3,36.5
2024,REG,18,2024_18_NYG_PHI,401671841,2025-01-05,Philadelphia Eagles,New York Giants,20,13,3,36.5
2024,REG,18,2024_18_NO_TB,401671828,2025-01-05,Tampa Bay Buccaneers,New Orleans Saints,27,19,14.5,44.5
2024,REG,18,2024_18_HOU_TEN,401671826,2025-01-05,Tennessee Titans,Houston Texans,14,23,2.5,36.5
2024,REG,18,2024_18_SF_ARI,401671845,2025-01-05,Arizona Cardinals,San Francisco 49ers,47,24,4.5,42.5
2024,REG,18,2024_18_KC_DEN,401671838,2025-01-05,Denver Broncos,Kansas City Chiefs,38,0,10.5,40.5
2024,REG,18,2024_18_SEA_LA,401671830,2025-01-05,Los Angeles Rams,Seattle Seahawks,25,30,-7.5,38.5
2024,REG,18,2024_18_LAC_LV,401671839,2025-01-05,Las Vegas Raiders,Los Angeles Chargers,20,34,-7,42.5
2024,REG,18,2024_18_MIA_NYJ,401671833,2025-01-05,New York Jets,Miami Dolphins,32,20,1.5,39.5
2024,REG,18,2024_18_MIN_DET,401671843,2025-01-05,Detroit Lions,Minnesota Vikings,31,9,3,56.5
2025,REG,1,2025_01_DAL_PHI,401772510,2025-09-04,Philadelphia Eagles,Dallas Cowboys,24,20,8.5,47.5
2025,REG,1,2025_01_KC_LAC,401772714,2025-09-05,Los Angeles Chargers,Kansas City Chiefs,27,21,-3,47.5
2025,REG,1,2025_01_TB_ATL,401772830,2025-09-07,Atlanta Falcons,Tampa Bay Buccaneers,20,23,-1.5,47.5
2025,REG,1,2025_01_CIN_CLE,401772829,2025-09-07,Cleveland Browns,Cincinnati Bengals,16,17,-5.5,47.5
2025,REG,1,2025_01_MIA_IND,401772719,2025-09-07,Indianapolis Colts,Miami Dolphins,33,8,1.5,47.5
2025,REG,1,2025_01_CAR_JAX,401772828,2025-09-07,Jacksonville Jaguars,Carolina Panthers,26,10,4.5,45.5
2025,REG,1,2025_01_LV_NE,401772720,2025-09-07,New England Patriots,Las Vegas Raiders,13,20,2.5,44.5
2025,REG,1,2025_01_ARI_NO,401772718,2025-09-07,New Orleans Saints,Arizona Cardinals,13,20,-6,44.5
2025,REG,1,2025_01_PIT_NYJ,401772721,2025-09-07,New York Jets,Pittsburgh Steelers,32,34,-3,37.5
2025,REG,1,2025_01_NYG_WAS,401772827,2025-09-07,Washington Commanders,New York Giants,21,6,6,45.5
2025,REG,1,2025_01_TEN_DEN,401772832,2025-09-07,Denver Broncos,Tennessee Titans,20,12,8.5,42.5
2025,REG,1,2025_01_SF_SEA,401772831,2025-09-07,Seattle Seahawks,San Francisco 49ers,13,17,-2.5,43.5
2025,REG,1,2025_01_DET_GB,401772722,2025-09-07,Green Bay Packers,Detroit Lions,27,13,1.5,48.5
2025,REG,1,2025_01_HOU_LA,401772723,2025-09-07,Los Angeles Rams,Houston Texans,14,9,3.5,43.5
2025,REG,1,2025_01_BAL_BUF,401772918,2025-09-07,Buffalo Bills,Baltimore Ravens,41,40,-1.5,50.5
2025,REG,1,2025_01_MIN_CHI,401772810,2025-09-08,Chicago Bears,Minnesota Vikings,24,27,-1.5,43.5
2025,REG,2,2025_02_WAS_GB,401772936,2025-09-11,Green Bay Packers,Washington Commanders,27,18,3.5,48.5
2025,REG,2,2025_02_CLE_BAL,401772726,2025-09-14,Baltimore Ravens,Cleveland Browns,41,17,12.5,46.5
2025,REG,2,2025_02_JAX_CIN,401772725,2025-09-14,Cincinnati Bengals,Jacksonville Jaguars,31,27,3.5,49.5
2025,REG,2,2025_02_NYG_DAL,401772834,2025-09-14,Dallas Cowboys,New York Giants,40,37,4.5,44.5
2025,REG,2,2025_02_CHI_DET,401772835,2025-09-14,Detroit Lions,Chicago Bears,52,21,6,46.5
2025,REG,2,2025_02_NE_MIA,401772728,2025-09-14,Miami Dolphins,New England Patriots,27,33,1.5,43.5
2025,REG,2,2025_02_SF_NO,401772833,2025-09-14,New Orleans Saints,San Francisco 49ers,21,26,-3,40.5
2025,REG,2,2025_02_BUF_NYJ,401772727,2025-09-14,New York Jets,Buffalo Bills,10,30,-6,47.5
2025,REG,2,2025_02_SEA_PIT,401772836,2025-09-14,Pittsburgh Steelers,Seattle Seahawks,17,31,3.5,40.5
2025,REG,2,2025_02_LA_TEN,401772724,2025-09-14,Tennessee Titans,Los Angeles Rams,19,33,-5.5,41.5
2025,REG,2,2025_02_CAR_ARI,401772730,2025-09-14,Arizona Cardinals,Carolina Panthers,27,22,7,45.5
2025,REG,2,2025_02_DEN_IND,401772729,2025-09-14,Indianapolis Colts,Denver Broncos,29,28,-2.5,43.5
2025,REG,2,2025_02_PHI_KC,401772837,2025-09-14,Kansas City Chiefs,Philadelphia Eagles,17,20,-1.5,46.5
2025,REG,2,2025_02_ATL_MIN,401772919,2025-09-14,Minnesota Vikings,Atlanta Falcons,6,22,3.5,44.5
2025,REG,2,2025_02_TB_HOU,401772715,2025-09-15,Houston Texans,Tampa Bay Buccaneers,19,20,2.5,42.5
2025,REG,2,2025_02_LAC_LV,401772811,2025-09-15,Las Vegas Raiders,Los Angeles Chargers,9,20,-3.5,46.5
2025,REG,3,2025_03_MIA_BUF,401772937,2025-09-18,Buffalo Bills,Miami Dolphins,31,21,12.5,50.5
2025,REG,3,2025_03_ATL_CAR,401772838,2025-09-21,Carolina Panthers,Atlanta Falcons,30,0,-5.5,44.5
2025,REG,3,2025_03_GB_CLE,401772842,2025-09-21,Cleveland Browns,Green Bay Packers,13,10,-8.5,41.5
2025,REG,3,2025_03_HOU_JAX,401772734,2025-09-21,Jacksonville Jaguars,Houston Texans,17,10,1.5,43.5
2025,REG,3,2025_03_CIN_MIN,401772731,2025-09-21,Minnesota Vikings,Cincinnati Bengals,48,10,3,41.5
2025,REG,3,2025_03_PIT_NE,401772732,2025-09-21,New England Patriots,Pittsburgh Steelers,14,21,-1.5,44.5
2025,REG,3,2025_03_LA_PHI,401772839,2025-09-21,Philadelphia Eagles,Los Angeles Rams,33,26,3.5,45.5
2025,REG,3,2025_03_NYJ_TB,401772840,2025-09-21,Tampa Bay Buccaneers,New York Jets,29,27,6.5,43.5
2025,REG,3,2025_03_IND_TEN,401772733,2025-09-21,Tennessee Titans,Indianapolis Colts,20,41,-6,43.5
2025,REG,3,2025_03_LV_WAS,401772841,2025-09-21,Washington Commanders,Las Vegas Raiders,41,24,2.5,43.5
2025,REG,3,2025_03_DEN_LAC,401772735,2025-09-21,Los Angeles Chargers,Denver Broncos,23,20,2.5,45.5
2025,REG,3,2025_03_NO_SEA,401772736,2025-09-21,Seattle Seahawks,New Orleans Saints,44,13,7.5,41.5
2025,REG,3,2025_03_DAL_CHI,401772844,2025-09-21,Chicago Bears,Dallas Cowboys,31,14,-1.5,49.5
2025,REG,3,2025_03_ARI_SF,401772843,2025-09-21,San Francisco 49ers,Arizona Cardinals,16,15,1.5,44.5
2025,REG,3,2025_03_KC_NYG,401772920,2025-09-21,New York Giants,Kansas City Chiefs,9,22,-6,44.5
2025,REG,3,2025_03_DET_BAL,401772812,2025-09-22,Baltimore Ravens,Detroit Lions,30,38,4.5,53.5
2025,REG,4,2025_04_SEA_ARI,401772938,2025-09-25,Arizona Cardinals,Seattle Seahawks,20,23,-1.5,43.5
2025,REG,4,2025_04_MIN_PIT,401772632,2025-09-28,Pittsburgh Steelers,Minnesota Vikings,24,21,-2.5,41.5
2025,REG,4,2025_04_WAS_ATL,401772739,2025-09-28,Atlanta Falcons,Washington Commanders,34,27,2.5,43.5
2025,REG,4,2025_04_NO_BUF,401772740,2025-09-28,Buffalo Bills,New Orleans Saints,31,19,15.5,48.5
2025,REG,4,2025_04_CLE_DET,401772846,2025-09-28,Detroit Lions,Cleveland Browns,34,10,10,44.5
2025,REG,4,2025_04_TEN_HOU,401772738,2025-09-28,Houston Texans,Tennessee Titans,26,0,7.5,39.5
2025,REG,4,2025_04_CAR_NE,401772847,2025-09-28,New England Patriots,Carolina Panthers,42,13,5.5,42.5
2025,REG,4,2025_04_LAC_NYG,401772737,2025-09-28,New York Giants,Los Angeles Chargers,21,18,-6,43.5
2025,REG,4,2025_04_PHI_TB,401772845,2025-09-28,Tampa Bay Buccaneers,Philadelphia Eagles,25,31,-3.5,44.5
2025,REG,4,2025_04_IND_LA,401772849,2025-09-28,Los Angeles Rams,Indianapolis Colts,27,20,3.5,49.5
2025,REG,4,2025_04_JAX_SF,401772848,2025-09-28,San Francisco 49ers,Jacksonville Jaguars,21,26,3.5,45.5
2025,REG,4,2025_04_BAL_KC,401772741,2025-09-28,Kansas City Chiefs,Baltimore Ravens,37,20,-2.5,48.5
2025,REG,4,2025_04_CHI_LV,401772742,2025-09-28,Las Vegas Raiders,Chicago Bears,24,25,1.5,47.5
2025,REG,4,2025_04_GB_DAL,401772921,2025-09-28,Dallas Cowboys,Green Bay Packers,40,40,-7,47.5
2025,REG,4,2025_04_NYJ_MIA,401772813,2025-09-29,Miami Dolphins,New York Jets,27,21,2.5,44.5
2025,REG,4,2025_04_CIN_DEN,401772716,2025-09-29,Denver Broncos,Cincinnati Bengals,28,3,7.5,44.5
2025,REG,5,2025_05_SF_LA,401772939,2025-10-02,Los Angeles Rams,San Francisco 49ers,,,6.5,46.5
2025,REG,5,2025_05_MIN_CLE,401772633,2025-10-05,Cleveland Browns,Minnesota Vikings,,,-3.5,36.5
2025,REG,5,2025_05_HOU_BAL,401772743,2025-10-05,Baltimore Ravens,Houston Texans,,,-1.5,39.5
2025,REG,5,2025_05_MIA_CAR,401772852,2025-10-05,Carolina Panthers,Miami Dolphins,,,-1.5,45.5
2025,REG,5,2025_05_LV_IND,401772851,2025-10-05,Indianapolis Colts,Las Vegas Raiders,,,7,47.5
2025,REG,5,2025_05_NYG_NO,401772744,2025-10-05,New Orleans Saints,New York Giants,,,2.5,40.5
2025,REG,5,2025_05_DAL_NYJ,401772850,2025-10-05,New York Jets,Dallas Cowboys,,,-2.5,47.5
2025,REG,5,2025_05_DEN_PHI,401772745,2025-10-05,Philadelphia Eagles,Denver Broncos,,,3.5,43.5
2025,REG,5,2025_05_TEN_ARI,401772747,2025-10-05,Arizona Cardinals,Tennessee Titans,,,7.5,41.5
2025,REG,5,2025_05_TB_SEA,401772746,2025-10-05,Seattle Seahawks,Tampa Bay Buccaneers,,,3,44.5
2025,REG,5,2025_05_DET_CIN,401772854,2025-10-05,Cincinnati Bengals,Detroit Lions,,,-10,49.5
2025,REG,5,2025_05_WAS_LAC,401772853,2025-10-05,Los Angeles Chargers,Washington Commanders,,,3,48.5
2025,REG,5,2025_05_NE_BUF,401772922,2025-10-05,Buffalo Bills,New England Patriots,,,8.5,50.5
2025,REG,5,2025_05_KC_JAX,401772814,2025-10-06,Jacksonville Jaguars,Kansas City Chiefs,,,-3.5,46.5
2025,REG,6,2025_06_PHI_NYG,401772940,2025-10-09,New York Giants,Philadelphia Eagles,,,-7,42.5
2025,REG,6,2025_06_DEN_NYJ,401772634,2025-10-12,New York Jets,Denver Broncos,,,-6.5,43.5
2025,REG,6,2025_06_LA_BAL,401772855,2025-10-12,Baltimore Ravens,Los Angeles Rams,,,-5.5,44.5
2025,REG,6,2025_06_DAL_CAR,401772858,2025-10-12,Carolina Panthers,Dallas Cowboys,,,-3.5,47.5
2025,REG,6,2025_06_ARI_IND,401772856,2025-10-12,Indianapolis Colts,Arizona Cardinals,,,3.5,47.5
2025,REG,6,2025_06_SEA_JAX,401772857,2025-10-12,Jacksonville Jaguars,Seattle Seahawks,,,1.5,45.5
2025,REG,6,2025_06_LAC_MIA,401772750,2025-10-12,Miami Dolphins,Los Angeles Chargers,,,-5.5,45.5
2025,REG,6,2025_06_NE_NO,401772751,2025-10-12,New Orleans Saints,New England Patriots,,,-3.5,44.5
2025,REG,6,2025_06_CLE_PIT,401772748,2025-10-12,Pittsburgh Steelers,Cleveland Browns,,,5.5,38.5
2025,REG,6,2025_06_TEN_LV,401772859,2025-10-12,Las Vegas Raiders,Tennessee Titans,,,6.5,41.5
2025,REG,6,2025_06_CIN_GB,401772752,2025-10-12,Green Bay Packers,Cincinnati Bengals,,,13.5,44.5
2025,REG,6,2025_06_SF_TB,401772749,2025-10-12,Tampa Bay Buccaneers,San Francisco 49ers,,,2.5,46.5
2025,REG,6,2025_06_DET_KC,401772923,2025-10-12,Kansas City Chiefs,Detroit Lions,,,1.5,48.5
2025,REG,6,2025_06_BUF_ATL,401772815,2025-10-13,Atlanta Falcons,Buffalo Bills,,,-5.5,50.5
2025,REG,6,2025_06_CHI_WAS,401772717,2025-10-13,Washington Commanders,Chicago Bears,,,5.5,50.5
2025,REG,7,2025_07_PIT_CIN,401772941,2025-10-16,Cincinnati Bengals,Pittsburgh Steelers,,,,
2025,REG,7,2025_07_LA_JAX,401772635,2025-10-19,Jacksonville Jaguars,Los Angeles Rams,,,,
2025,REG,7,2025_07_NO_CHI,401772861,2025-10-19,Chicago Bears,New Orleans Saints,,,,
2025,REG,7,2025_07_MIA_CLE,401772754,2025-10-19,Cleveland Browns,Miami Dolphins,,,,
2025,REG,7,2025_07_LV_KC,401772753,2025-10-19,Kansas City Chiefs,Las Vegas Raiders,,,,
2025,REG,7,2025_07_PHI_MIN,401772862,2025-10-19,Minnesota Vikings,Philadelphia Eagles,,,,
2025,REG,7,2025_07_CAR_NYJ,401772860,2025-10-19,New York Jets,Carolina Panthers,,,,
2025,REG,7,2025_07_NE_TEN,401772755,2025-10-19,Tennessee Titans,New England Patriots,,,,
2025,REG,7,2025_07_NYG_DEN,401772757,2025-10-19,Denver Broncos,New York Giants,,,,
2025,REG,7,2025_07_IND_LAC,401772756,2025-10-19,Los Angeles Chargers,Indianapolis Colts,,,,
2025,REG,7,2025_07_GB_ARI,401772863,2025-10-19,Arizona Cardinals,Green Bay Packers,,,,
2025,REG,7,2025_07_WAS_DAL,401772864,2025-10-19,Dallas Cowboys,Washington Commanders,,,,
2025,REG,7,2025_07_ATL_SF,401772924,2025-10-19,San Francisco 49ers,Atlanta Falcons,,,,
2025,REG,7,2025_07_TB_DET,401772816,2025-10-20,Detroit Lions,Tampa Bay Buccaneers,,,,
2025,REG,7,2025_07_HOU_SEA,401772826,2025-10-20,Seattle Seahawks,Houston Texans,,,,
2025,REG,8,2025_08_MIN_LAC,401772942,2025-10-23,Los Angeles Chargers,Minnesota Vikings,,,,
2025,REG,8,2025_08_MIA_ATL,401772760,2025-10-26,Atlanta Falcons,Miami Dolphins,,,,
2025,REG,8,2025_08_CHI_BAL,401772759,2025-10-26,Baltimore Ravens,Chicago Bears,,,,
2025,REG,8,2025_08_BUF_CAR,401772865,2025-10-26,Carolina Panthers,Buffalo Bills,,,,
2025,REG,8,2025_08_NYJ_CIN,401772758,2025-10-26,Cincinnati Bengals,New York Jets,,,,
2025,REG,8,2025_08_SF_HOU,401772866,2025-10-26,Houston Texans,San Francisco 49ers,,,,
2025,REG,8,2025_08_CLE_NE,401772868,2025-10-26,New England Patriots,Cleveland Browns,,,,
2025,REG,8,2025_08_NYG_PHI,401772867,2025-10-26,Philadelphia Eagles,New York Giants,,,,
2025,REG,8,2025_08_TB_NO,401772869,2025-10-26,New Orleans Saints,Tampa Bay Buccaneers,,,,
2025,REG,8,2025_08_DAL_DEN,401772762,2025-10-26,Denver Broncos,Dallas Cowboys,,,,
2025,REG,8,2025_08_TEN_IND,401772761,2025-10-26,Indianapolis Colts,Tennessee Titans,,,,
2025,REG,8,2025_08_GB_PIT,401772925,2025-10-26,Pittsburgh Steelers,Green Bay Packers,,,,
2025,REG,8,2025_08_WAS_KC,401772817,2025-10-27,Kansas City Chiefs,Washington Commanders,,,,
2025,REG,9,2025_09_BAL_MIA,401772943,2025-10-30,Miami Dolphins,Baltimore Ravens,,,,
2025,REG,9,2025_09_CHI_CIN,401772765,2025-11-02,Cincinnati Bengals,Chicago Bears,,,,
2025,REG,9,2025_09_MIN_DET,401772871,2025-11-02,Detroit Lions,Minnesota Vikings,,,,
2025,REG,9,2025_09_CAR_GB,401772872,2025-11-02,Green Bay Packers,Carolina Panthers,,,,
2025,REG,9,2025_09_DEN_HOU,401772870,2025-11-02,Houston Texans,Denver Broncos,,,,
2025,REG,9,2025_09_ATL_NE,401772763,2025-11-02,New England Patriots,Atlanta Falcons,,,,
2025,REG,9,2025_09_SF_NYG,401772767,2025-11-02,New York Giants,San Francisco 49ers,,,,
2025,REG,9,2025_09_IND_PIT,401772766,2025-11-02,Pittsburgh Steelers,Indianapolis Colts,,,,
2025,REG,9,2025_09_LAC_TEN,401772764,2025-11-02,Tennessee Titans,Los Angeles Chargers,,,,
2025,REG,9,2025_09_NO_LA,401772874,2025-11-02,Los Angeles Rams,New Orleans Saints,,,,
2025,REG,9,2025_09_JAX_LV,401772873,2025-11-02,Las Vegas Raiders,Jacksonville Jaguars,,,,
2025,REG,9,2025_09_KC_BUF,401772768,2025-11-02,Buffalo Bills,Kansas City Chiefs,,,,
2025,REG,9,2025_09_SEA_WAS,401772926,2025-11-02,Washington Commanders,Seattle Seahawks,,,,
2025,REG,9,2025_09_ARI_DAL,401772818,2025-11-03,Dallas Cowboys,Arizona Cardinals,,,,
2025,REG,10,2025_10_LV_DEN,401772944,2025-11-06,Denver Broncos,Las Vegas Raiders,,,,
2025,REG,10,2025_10_ATL_IND,401772636,2025-11-09,Indianapolis Colts,Atlanta Falcons,,,,
2025,REG,10,2025_10_NO_CAR,401772877,2025-11-09,Carolina Panthers,New Orleans Saints,,,,
2025,REG,10,2025_10_NYG_CHI,401772875,2025-11-09,Chicago Bears,New York Giants,,,,
2025,REG,10,2025_10_JAX_HOU,401772770,2025-11-09,Houston Texans,Jacksonville Jaguars,,,,
2025,REG,10,2025_10_BUF_MIA,401772771,2025-11-09,Miami Dolphins,Buffalo Bills,,,,
2025,REG,10,2025_10_BAL_MIN,401772876,2025-11-09,Minnesota Vikings,Baltimore Ravens,,,,
2025,REG,10,2025_10_CLE_NYJ,401772769,2025-11-09,New York Jets,Cleveland Browns,,,,
2025,REG,10,2025_10_NE_TB,401772772,2025-11-09,Tampa Bay Buccaneers,New England Patriots,,,,
2025,REG,10,2025_10_ARI_SEA,401772773,2025-11-09,Seattle Seahawks,Arizona Cardinals,,,,
2025,REG,10,2025_10_LA_SF,401772879,2025-11-09,San Francisco 49ers,Los Angeles Rams,,,,
2025,REG,10,2025_10_DET_WAS,401772878,2025-11-09,Washington Commanders,Detroit Lions,,,,
2025,REG,10,2025_10_PIT_LAC,401772927,2025-11-09,Los Angeles Chargers,Pittsburgh Steelers,,,,
2025,REG,10,2025_10_PHI_GB,401772630,2025-11-10,Green Bay Packers,Philadelphia Eagles,,,,
2025,REG,11,2025_11_NYJ_NE,401772945,2025-11-13,New England Patriots,New York Jets,,,,
2025,REG,11,2025_11_WAS_MIA,401772631,2025-11-16,Miami Dolphins,Washington Commanders,,,,
2025,REG,11,2025_11_CAR_ATL,401772882,2025-11-16,Atlanta Falcons,Carolina Panthers,,,,
2025,REG,11,2025_11_TB_BUF,401772776,2025-11-16,Buffalo Bills,Tampa Bay Buccaneers,,,,
2025,REG,11,2025_11_LAC_JAX,401772775,2025-11-16,Jacksonville Jaguars,Los Angeles Chargers,,,,
2025,REG,11,2025_11_CHI_MIN,401772880,2025-11-16,Minnesota Vikings,Chicago Bears,,,,
2025,REG,11,2025_11_GB_NYG,401772883,2025-11-16,New York Giants,Green Bay Packers,,,,
2025,REG,11,2025_11_CIN_PIT,401772774,2025-11-16,Pittsburgh Steelers,Cincinnati Bengals,,,,
2025,REG,11,2025_11_HOU_TEN,401772881,2025-11-16,Tennessee Titans,Houston Texans,,,,
2025,REG,11,2025_11_SF_ARI,401772885,2025-11-16,Arizona Cardinals,San Francisco 49ers,,,,
2025,REG,11,2025_11_SEA_LA,401772884,2025-11-16,Los Angeles Rams,Seattle Seahawks,,,,
2025,REG,11,2025_11_BAL_CLE,401772777,2025-11-16,Cleveland Browns,Baltimore Ravens,,,,
2025,REG,11,2025_11_KC_DEN,401772778,2025-11-16,Denver Broncos,Kansas City Chiefs,,,,
2025,REG,11,2025_11_DET_PHI,401772928,2025-11-16,Philadelphia Eagles,Detroit Lions,,,,
2025,REG,11,2025_11_DAL_LV,401772819,2025-11-17,Las Vegas Raiders,Dallas Cowboys,,,,
2025,REG,12,2025_12_BUF_HOU,401772946,2025-11-20,Houston Texans,Buffalo Bills,,,,
2025,REG,12,2025_12_NYJ_BAL,401772782,2025-11-23,Baltimore Ravens,New York Jets,,,,
2025,REG,12,2025_12_PIT_CHI,401772780,2025-11-23,Chicago Bears,Pittsburgh Steelers,,,,
2025,REG,12,2025_12_NE_CIN,401772781,2025-11-23,Cincinnati Bengals,New England Patriots,,,,
2025,REG,12,2025_12_NYG_DET,401772888,2025-11-23,Detroit Lions,New York Giants,,,,
2025,REG,12,2025_12_MIN_GB,401772887,2025-11-23,Green Bay Packers,Minnesota Vikings,,,,
2025,REG,12,2025_12_IND_KC,401772779,2025-11-23,Kansas City Chiefs,Indianapolis Colts,,,,
2025,REG,12,2025_12_SEA_TEN,401772886,2025-11-23,Tennessee Titans,Seattle Seahawks,,,,
2025,REG,12,2025_12_JAX_ARI,401772783,2025-11-23,Arizona Cardinals,Jacksonville Jaguars,,,,
2025,REG,12,2025_12_CLE_LV,401772784,2025-11-23,Las Vegas Raiders,Cleveland Browns,,,,
2025,REG,12,2025_12_PHI_DAL,401772890,2025-11-23,Dallas Cowboys,Philadelphia Eagles,,,,
2025,REG,12,2025_12_ATL_NO,401772889,2025-11-23,New Orleans Saints,Atlanta Falcons,,,,
2025,REG,12,2025_12_TB_LA,401772929,2025-11-23,Los Angeles Rams,Tampa Bay Buccaneers,,,,
2025,REG,12,2025_12_CAR_SF,401772820,2025-11-24,San Francisco 49ers,Carolina Panthers,,,,
2025,REG,13,2025_13_GB_DET,401772891,2025-11-27,Detroit Lions,Green Bay Packers,,,,
2025,REG,13,2025_13_KC_DAL,401772694,2025-11-27,Dallas Cowboys,Kansas City Chiefs,,,,
2025,REG,13,2025_13_CIN_BAL,401772930,2025-11-27,Baltimore Ravens,Cincinnati Bengals,,,,
2025,REG,13,2025_13_CHI_PHI,401772621,2025-11-28,Philadelphia Eagles,Chicago Bears,,,,
2025,REG,13,2025_13_LA_CAR,401772894,2025-11-30,Carolina Panthers,Los Angeles Rams,,,,
2025,REG,13,2025_13_SF_CLE,401772785,2025-11-30,Cleveland Browns,San Francisco 49ers,,,,
2025,REG,13,2025_13_HOU_IND,401772787,2025-11-30,Indianapolis Colts,Houston Texans,,,,
2025,REG,13,2025_13_NO_MIA,401772892,2025-11-30,Miami Dolphins,New Orleans Saints,,,,
2025,REG,13,2025_13_ATL_NYJ,401772893,2025-11-30,New York Jets,Atlanta Falcons,,,,
2025,REG,13,2025_13_ARI_TB,401772895,2025-11-30,Tampa Bay Buccaneers,Arizona Cardinals,,,,
2025,REG,13,2025_13_JAX_TEN,401772786,2025-11-30,Tennessee Titans,Jacksonville Jaguars,,,,
2025,REG,13,2025_13_MIN_SEA,401772896,2025-11-30,Seattle Seahawks,Minnesota Vikings,,,,
2025,REG,13,2025_13_LV_LAC,401772788,2025-11-30,Los Angeles Chargers,Las Vegas Raiders,,,,
2025,REG,13,2025_13_BUF_PIT,401772789,2025-11-30,Pittsburgh Steelers,Buffalo Bills,,,,
2025,REG,13,2025_13_DEN_WAS,401772931,2025-11-30,Washington Commanders,Denver Broncos,,,,
2025,REG,13,2025_13_NYG_NE,401772821,2025-12-01,New England Patriots,New York Giants,,,,
2025,REG,14,2025_14_DAL_DET,401772947,2025-12-04,Detroit Lions,Dallas Cowboys,,,,
2025,REG,14,2025_14_SEA_ATL,401772900,2025-12-07,Atlanta Falcons,Seattle Seahawks,,,,
2025,REG,14,2025_14_PIT_BAL,401772791,2025-12-07,Baltimore Ravens,Pittsburgh Steelers,,,,
2025,REG,14,2025_14_TEN_CLE,401772898,2025-12-07,Cleveland Browns,Tennessee Titans,,,,
2025,REG,14,2025_14_CHI_GB,401772897,2025-12-07,Green Bay Packers,Chicago Bears,,,,
2025,REG,14,2025_14_IND_JAX,401772793,2025-12-07,Jacksonville Jaguars,Indianapolis Colts,,,,
2025,REG,14,2025_14_WAS_MIN,401772899,2025-12-07,Minnesota Vikings,Washington Commanders,,,,
2025,REG,14,2025_14_MIA_NYJ,401772790,2025-12-07,New York Jets,Miami Dolphins,,,,
2025,REG,14,2025_14_NO_TB,401772792,2025-12-07,Tampa Bay Buccaneers,New Orleans Saints,,,,
2025,REG,14,2025_14_DEN_LV,401772794,2025-12-07,Las Vegas Raiders,Denver Broncos,,,,
2025,REG,14,2025_14_LA_ARI,401772901,2025-12-07,Arizona Cardinals,Los Angeles Rams,,,,
2025,REG,14,2025_14_CIN_BUF,401772902,2025-12-07,Buffalo Bills,Cincinnati Bengals,,,,
2025,REG,14,2025_14_HOU_KC,401772932,2025-12-07,Kansas City Chiefs,Houston Texans,,,,
2025,REG,14,2025_14_PHI_LAC,401772822,2025-12-08,Los Angeles Chargers,Philadelphia Eagles,,,,
2025,REG,15,2025_15_ATL_TB,401772948,2025-12-11,Tampa Bay Buccaneers,Atlanta Falcons,,,,
2025,REG,15,2025_15_CLE_CHI,401772904,2025-12-14,Chicago Bears,Cleveland Browns,,,,
2025,REG,15,2025_15_BAL_CIN,401772796,2025-12-14,Cincinnati Bengals,Baltimore Ravens,,,,
2025,REG,15,2025_15_ARI_HOU,401772903,2025-12-14,Houston Texans,Arizona Cardinals,,,,
2025,REG,15,2025_15_NYJ_JAX,401772797,2025-12-14,Jacksonville Jaguars,New York Jets,,,,
2025,REG,15,2025_15_LAC_KC,401772798,2025-12-14,Kansas City Chiefs,Los Angeles Chargers,,,,
2025,REG,15,2025_15_BUF_NE,401772795,2025-12-14,New England Patriots,Buffalo Bills,,,,
2025,REG,15,2025_15_WAS_NYG,401772905,2025-12-14,New York Giants,Washington Commanders,,,,
2025,REG,15,2025_15_LV_PHI,401772906,2025-12-14,Philadelphia Eagles,Las Vegas Raiders,,,,
2025,REG,15,2025_15_GB_DEN,401772800,2025-12-14,Denver Broncos,Green Bay Packers,,,,
2025,REG,15,2025_15_DET_LA,401772909,2025-12-14,Los Angeles Rams,Detroit Lions,,,,
2025,REG,15,2025_15_CAR_NO,401772908,2025-12-14,New Orleans Saints,Carolina Panthers,,,,
2025,REG,15,2025_15_IND_SEA,401772799,2025-12-14,Seattle Seahawks,Indianapolis Colts,,,,
2025,REG,15,2025_15_TEN_SF,401772907,2025-12-14,San Francisco 49ers,Tennessee Titans,,,,
2025,REG,15,2025_15_MIN_DAL,401772933,2025-12-14,Dallas Cowboys,Minnesota Vikings,,,,
2025,REG,15,2025_15_MIA_PIT,401772823,2025-12-15,Pittsburgh Steelers,Miami Dolphins,,,,
2025,REG,16,2025_16_LA_SEA,401772949,2025-12-18,Seattle Seahawks,Los Angeles Rams,,,,
2025,REG,16,2025_16_GB_CHI,401772613,2025-12-19,Chicago Bears,Green Bay Packers,,,,
2025,REG,16,2025_16_PHI_WAS,401772612,2025-12-19,Washington Commanders,Philadelphia Eagles,,,,
2025,REG,16,2025_16_NE_BAL,401772804,2025-12-21,Baltimore Ravens,New England Patriots,,,,
2025,REG,16,2025_16_TB_CAR,401772912,2025-12-21,Carolina Panthers,Tampa Bay Buccaneers,,,,
2025,REG,16,2025_16_BUF_CLE,401772802,2025-12-21,Cleveland Browns,Buffalo Bills,,,,
2025,REG,16,2025_16_LAC_DAL,401772910,2025-12-21,Dallas Cowboys,Los Angeles Chargers,,,,
2025,REG,16,2025_16_NYJ_NO,401772801,2025-12-21,New Orleans Saints,New York Jets,,,,
2025,REG,16,2025_16_MIN_NYG,401772911,2025-12-21,New York Giants,Minnesota Vikings,,,,
2025,REG,16,2025_16_KC_TEN,401772803,2025-12-21,Tennessee Titans,Kansas City Chiefs,,,,
2025,REG,16,2025_16_ATL_ARI,401772914,2025-12-21,Arizona Cardinals,Atlanta Falcons,,,,
2025,REG,16,2025_16_JAX_DEN,401772913,2025-12-21,Denver Broncos,Jacksonville Jaguars,,,,
2025,REG,16,2025_16_PIT_DET,401772806,2025-12-21,Detroit Lions,Pittsburgh Steelers,,,,
2025,REG,16,2025_16_LV_HOU,401772805,2025-12-21,Houston Texans,Las Vegas Raiders,,,,
2025,REG,16,2025_16_CIN_MIA,401772934,2025-12-21,Miami Dolphins,Cincinnati Bengals,,,,
2025,REG,16,2025_16_SF_IND,401772824,2025-12-22,Indianapolis Colts,San Francisco 49ers,,,,
2025,REG,17,2025_17_DAL_WAS,401772710,2025-12-25,Washington Commanders,Dallas Cowboys,,,,
2025,REG,17,2025_17_DET_MIN,401772711,2025-12-25,Minnesota Vikings,Detroit Lions,,,,
2025,REG,17,2025_17_DEN_KC,401772622,2025-12-25,Kansas City Chiefs,Denver Broncos,,,,
2025,REG,17,2025_17_SEA_CAR,401772952,2025-12-28,Carolina Panthers,Seattle Seahawks,,,,
2025,REG,17,2025_17_ARI_CIN,401772954,2025-12-28,Cincinnati Bengals,Arizona Cardinals,,,,
2025,REG,17,2025_17_PIT_CLE,401772807,2025-12-28,Cleveland Browns,Pittsburgh Steelers,,,,
2025,REG,17,2025_17_BAL_GB,401772953,2025-12-28,Green Bay Packers,Baltimore Ravens,,,,
2025,REG,17,2025_17_JAX_IND,401772915,2025-12-28,Indianapolis Colts,Jacksonville Jaguars,,,,
2025,REG,17,2025_17_HOU_LAC,401772951,2025-12-28,Los Angeles Chargers,Houston Texans,,,,
2025,REG,17,2025_17_NYG_LV,401772950,2025-12-28,Las Vegas Raiders,New York Giants,,,,
2025,REG,17,2025_17_TB_MIA,401772916,2025-12-28,Miami Dolphins,Tampa Bay Buccaneers,,,,
2025,REG,17,2025_17_NE_NYJ,401772808,2025-12-28,New York Jets,New England Patriots,,,,
2025,REG,17,2025_17_NO_TEN,401772809,2025-12-28,Tennessee Titans,New Orleans Saints,,,,
2025,REG,17,2025_17_PHI_BUF,401772917,2025-12-28,Buffalo Bills,Philadelphia Eagles,,,,
2025,REG,17,2025_17_CHI_SF,401772935,2025-12-28,San Francisco 49ers,Chicago Bears,,,,
2025,REG,17,2025_17_LA_ATL,401772825,2025-12-29,Atlanta Falcons,Los Angeles Rams,,,,
2025,REG,18,2025_18_NO_ATL,401772966,2026-01-04,Atlanta Falcons,New Orleans Saints,,,,
2025,REG,18,2025_18_NYJ_BUF,401772967,2026-01-04,Buffalo Bills,New York Jets,,,,
2025,REG,18,2025_18_DET_CHI,401772965,2026-01-04,Chicago Bears,Detroit Lions,,,,
2025,REG,18,2025_18_CLE_CIN,401772964,2026-01-04,Cincinnati Bengals,Cleveland Browns,,,,
2025,REG,18,2025_18_LAC_DEN,401772956,2026-01-04,Denver Broncos,Los Angeles Chargers,,,,
2025,REG,18,2025_18_IND_HOU,401772962,2026-01-04,Houston Texans,Indianapolis Colts,,,,
2025,REG,18,2025_18_TEN_JAX,401772970,2026-01-04,Jacksonville Jaguars,Tennessee Titans,,,,
2025,REG,18,2025_18_ARI_LA,401772955,2026-01-04,Los Angeles Rams,Arizona Cardinals,,,,
2025,REG,18,2025_18_KC_LV,401772957,2026-01-04,Las Vegas Raiders,Kansas City Chiefs,,,,
2025,REG,18,2025_18_GB_MIN,401772968,2026-01-04,Minnesota Vikings,Green Bay Packers,,,,
2025,REG,18,2025_18_MIA_NE,401772958,2026-01-04,New England Patriots,Miami Dolphins,,,,
2025,REG,18,2025_18_DAL_NYG,401772963,2026-01-04,New York Giants,Dallas Cowboys,,,,
2025,REG,18,2025_18_WAS_PHI,401772959,2026-01-04,Philadelphia Eagles,Washington Commanders,,,,
2025,REG,18,2025_18_BAL_PIT,401772960,2026-01-04,Pittsburgh Steelers,Baltimore Ravens,,,,
2025,REG,18,2025_18_SEA_SF,401772961,2026-01-04,San Francisco 49ers,Seattle Seahawks,,,,
2025,REG,18,2025_18_CAR_TB,401772969,2026-01-04,Tampa Bay Buccaneers,Carolina Panthers,,,,